cylinder_id,batch_id,type,category,status,current_holder_id,manufacture_year,last_inspection_date
CYL000001,BATCH1598,5kg FTL,Domestic,Full,DIST015,2021,2025-06-12
CYL000002,BATCH1721,14.2kg Domestic,Commercial,Full,DIST022,2024,2025-05-06
CYL000003,BATCH1755,19kg Commercial,Commercial,Full,DIST004,2022,2025-09-28
CYL000004,BATCH4438,14.2kg Domestic,Commercial,Empty,DIST011,2019,2025-11-28
CYL000005,BATCH8227,14.2kg Domestic,Commercial,Empty,DIST022,2018,2025-10-18
CYL000006,BATCH1249,14.2kg Domestic,Commercial,Full,DIST020,2022,2025-06-16
CYL000007,BATCH6218,14.2kg Domestic,Commercial,Empty,DIST009,2019,2025-10-12
CYL000008,BATCH6101,14.2kg Domestic,Commercial,Full,DIST020,2020,2025-06-03
CYL000009,BATCH8712,14.2kg Domestic,Commercial,Full,DIST022,2018,2026-01-11
CYL000010,BATCH7421,14.2kg Domestic,Commercial,Full,DIST006,2023,2025-05-05
CYL000011,BATCH8304,19kg Commercial,Commercial,Empty,DIST020,2020,2025-09-28
CYL000012,BATCH9740,14.2kg Domestic,Commercial,Full,DIST003,2024,2025-07-11
CYL000013,BATCH8672,14.2kg Domestic,Commercial,Full,DIST004,2021,2025-09-29
CYL000014,BATCH8625,5kg FTL,Domestic,Empty,DIST016,2019,2025-11-12
CYL000015,BATCH5227,14.2kg Domestic,Commercial,In Transit,DIST012,2021,2025-12-03
CYL000016,BATCH6320,5kg FTL,Domestic,Empty,DIST015,2021,2026-02-19
CYL000017,BATCH8842,14.2kg Domestic,Commercial,Full,DIST015,2024,2025-12-09
CYL000018,BATCH3087,14.2kg Domestic,Commercial,Full,DIST017,2018,2025-08-11
CYL000019,BATCH6339,5kg FTL,Domestic,Empty,DIST018,2023,2026-01-29
CYL000020,BATCH7566,5kg FTL,Domestic,Empty,DIST019,2021,2025-11-04
CYL000021,BATCH8903,14.2kg Domestic,Commercial,Empty,DIST013,2018,2025-09-13
CYL000022,BATCH8063,14.2kg Domestic,Commercial,Empty,COMP001,2021,2025-05-20
CYL000023,BATCH4869,5kg FTL,Domestic,Empty,DIST006,2023,2026-01-26
CYL000024,BATCH8972,5kg FTL,Domestic,Empty,DIST004,2022,2025-05-05
CYL000025,BATCH8294,14.2kg Domestic,Commercial,Empty,DIST006,2020,2025-08-11
CYL000026,BATCH7208,14.2kg Domestic,Commercial,Full,DIST011,2021,2025-04-10
CYL000027,BATCH3276,5kg FTL,Domestic,Full,DIST019,2024,2025-04-15
CYL000028,BATCH3444,5kg FTL,Domestic,Empty,DIST015,2022,2025-10-08
CYL000029,BATCH4205,14.2kg Domestic,Commercial,Empty,DIST007,2023,2025-09-25
CYL000030,BATCH5989,14.2kg Domestic,Commercial,Empty,DIST014,2023,2025-09-11
CYL000031,BATCH9362,47.5kg Industrial,Commercial,Empty,DIST013,2024,2025-12-31
CYL000032,BATCH9992,19kg Commercial,Commercial,Full,DIST002,2018,2025-05-24
CYL000033,BATCH5623,5kg FTL,Domestic,Full,COMP003,2018,2025-11-06
CYL000034,BATCH6212,14.2kg Domestic,Commercial,Empty,DIST023,2021,2025-08-11
CYL000035,BATCH3841,14.2kg Domestic,Commercial,Empty,DIST016,2019,2025-11-30
CYL000036,BATCH6902,14.2kg Domestic,Commercial,Empty,COMP002,2021,2025-12-18
CYL000037,BATCH3056,14.2kg Domestic,Commercial,In Transit,DIST005,2018,2026-01-29
CYL000038,BATCH8974,14.2kg Domestic,Commercial,Full,DIST022,2021,2025-12-27
CYL000039,BATCH7813,14.2kg Domestic,Commercial,Empty,COMP003,2021,2025-05-01
CYL000040,BATCH8444,19kg Commercial,Commercial,Empty,DIST017,2021,2025-05-28
CYL000041,BATCH4698,5kg FTL,Domestic,Full,DIST006,2021,2025-05-01
CYL000042,BATCH4878,14.2kg Domestic,Commercial,Empty,DIST023,2022,2025-10-20
CYL000043,BATCH7012,14.2kg Domestic,Commercial,Empty,DIST002,2018,2025-05-20
CYL000044,BATCH8889,14.2kg Domestic,Commercial,Full,DIST023,2018,2025-12-24
CYL000045,BATCH5578,5kg FTL,Domestic,Empty,DIST015,2022,2026-01-25
CYL000046,BATCH5017,14.2kg Domestic,Commercial,Empty,DIST016,2023,2026-01-26
CYL000047,BATCH6119,5kg FTL,Domestic,Empty,DIST020,2018,2025-09-12
CYL000048,BATCH8438,14.2kg Domestic,Commercial,Full,DIST017,2021,2025-05-17
CYL000049,BATCH5827,5kg FTL,Domestic,Full,DIST010,2019,2026-02-16
CYL000050,BATCH5981,5kg FTL,Domestic,Empty,DIST024,2024,2025-05-22
CYL000051,BATCH3770,14.2kg Domestic,Commercial,Empty,DIST019,2018,2025-10-08
CYL000052,BATCH5699,5kg FTL,Domestic,Empty,DIST016,2018,2026-01-01
CYL000053,BATCH5552,14.2kg Domestic,Commercial,In Transit,DIST009,2019,2025-04-25
CYL000054,BATCH1232,14.2kg Domestic,Commercial,In Transit,DIST024,2018,2025-05-01
CYL000055,BATCH3476,14.2kg Domestic,Commercial,Empty,DIST022,2021,2025-08-29
CYL000056,BATCH4869,5kg FTL,Domestic,Full,DIST016,2019,2025-06-09
CYL000057,BATCH2382,19kg Commercial,Commercial,Full,DIST005,2022,2025-12-18
CYL000058,BATCH7765,5kg FTL,Domestic,Empty,DIST025,2021,2025-11-05
CYL000059,BATCH3740,5kg FTL,Domestic,Empty,DIST007,2022,2025-09-11
CYL000060,BATCH2900,14.2kg Domestic,Commercial,Full,DIST002,2019,2025-07-12
CYL000061,BATCH9724,14.2kg Domestic,Commercial,Full,DIST008,2021,2025-08-19
CYL000062,BATCH8122,14.2kg Domestic,Commercial,Full,DIST001,2020,2025-07-20
CYL000063,BATCH9687,14.2kg Domestic,Commercial,Full,DIST022,2018,2026-01-16
CYL000064,BATCH8074,19kg Commercial,Commercial,Empty,DIST020,2023,2025-10-18
CYL000065,BATCH2610,14.2kg Domestic,Commercial,Full,DIST009,2023,2025-05-11
CYL000066,BATCH4961,14.2kg Domestic,Commercial,Empty,DIST024,2023,2025-05-09
CYL000067,BATCH3947,5kg FTL,Domestic,Empty,DIST011,2022,2026-03-01
CYL000068,BATCH1195,5kg FTL,Domestic,Empty,DIST014,2018,2025-06-11
CYL000069,BATCH4594,14.2kg Domestic,Commercial,Full,DIST024,2020,2025-10-29
CYL000070,BATCH2506,14.2kg Domestic,Commercial,Full,DIST002,2022,2025-11-15
CYL000071,BATCH2965,47.5kg Industrial,Commercial,Empty,DIST003,2024,2025-05-01
CYL000072,BATCH4027,14.2kg Domestic,Commercial,Empty,DIST004,2023,2025-12-02
CYL000073,BATCH2240,14.2kg Domestic,Commercial,Empty,DIST021,2021,2025-10-16
CYL000074,BATCH6298,5kg FTL,Domestic,Empty,DIST009,2019,2026-01-28
CYL000075,BATCH7366,14.2kg Domestic,Commercial,Full,DIST011,2018,2025-10-25
CYL000076,BATCH8218,47.5kg Industrial,Commercial,Full,DIST003,2021,2025-11-24
CYL000077,BATCH9061,14.2kg Domestic,Commercial,Full,DIST004,2019,2025-06-03
CYL000078,BATCH2740,5kg FTL,Domestic,Full,DIST015,2023,2025-10-25
CYL000079,BATCH5105,14.2kg Domestic,Commercial,Full,DIST025,2021,2026-02-25
CYL000080,BATCH1014,19kg Commercial,Commercial,Full,DIST002,2023,2025-08-19
CYL000081,BATCH7411,14.2kg Domestic,Commercial,Empty,DIST019,2018,2025-06-16
CYL000082,BATCH8833,5kg FTL,Domestic,Empty,DIST014,2021,2026-01-30
CYL000083,BATCH8898,14.2kg Domestic,Commercial,Full,DIST004,2022,2025-06-05
CYL000084,BATCH5961,19kg Commercial,Commercial,Full,DIST013,2018,2025-04-17
CYL000085,BATCH6985,47.5kg Industrial,Commercial,Empty,DIST018,2024,2025-09-13
CYL000086,BATCH5750,14.2kg Domestic,Commercial,Empty,DIST021,2019,2025-12-06
CYL000087,BATCH4129,14.2kg Domestic,Commercial,In Transit,DIST010,2023,2025-08-19
CYL000088,BATCH6886,19kg Commercial,Commercial,Empty,DIST016,2018,2025-04-17
CYL000089,BATCH1584,14.2kg Domestic,Commercial,Full,DIST007,2018,2025-05-07
CYL000090,BATCH9856,14.2kg Domestic,Commercial,Full,DIST021,2020,2025-06-24
CYL000091,BATCH8361,14.2kg Domestic,Commercial,Empty,DIST001,2018,2025-09-14
CYL000092,BATCH1701,14.2kg Domestic,Commercial,Empty,DIST013,2018,2025-11-18
CYL000093,BATCH8509,5kg FTL,Domestic,Empty,DIST022,2024,2025-06-05
CYL000094,BATCH2180,14.2kg Domestic,Commercial,Empty,DIST002,2023,2025-12-24
CYL000095,BATCH1750,14.2kg Domestic,Commercial,Full,DIST008,2023,2025-04-08
CYL000096,BATCH1818,14.2kg Domestic,Commercial,Full,DIST010,2024,2026-01-16
CYL000097,BATCH2047,14.2kg Domestic,Commercial,Full,COMP002,2024,2026-01-11
CYL000098,BATCH4613,14.2kg Domestic,Commercial,Empty,DIST003,2024,2025-11-23
CYL000099,BATCH7586,14.2kg Domestic,Commercial,Empty,DIST011,2018,2025-05-16
CYL000100,BATCH4493,14.2kg Domestic,Commercial,Full,DIST025,2018,2025-05-07
CYL000101,BATCH5487,14.2kg Domestic,Commercial,Full,DIST005,2024,2025-08-06
CYL000102,BATCH3703,14.2kg Domestic,Commercial,Full,DIST015,2019,2025-05-13
CYL000103,BATCH7162,14.2kg Domestic,Commercial,Full,DIST025,2019,2026-02-26
CYL000104,BATCH1118,19kg Commercial,Commercial,Full,DIST006,2018,2025-04-07
CYL000105,BATCH8798,14.2kg Domestic,Commercial,Full,DIST023,2019,2025-11-21
CYL000106,BATCH8379,14.2kg Domestic,Commercial,Full,DIST014,2019,2025-12-07
CYL000107,BATCH3949,14.2kg Domestic,Commercial,Full,DIST023,2021,2025-04-27
CYL000108,BATCH5934,47.5kg Industrial,Commercial,Empty,DIST012,2021,2026-03-04
CYL000109,BATCH9686,14.2kg Domestic,Commercial,Full,DIST004,2022,2025-09-02
CYL000110,BATCH9315,19kg Commercial,Commercial,In Transit,DIST008,2021,2025-04-20
CYL000111,BATCH4173,5kg FTL,Domestic,Full,DIST004,2024,2025-12-20
CYL000112,BATCH8772,5kg FTL,Domestic,In Transit,DIST016,2019,2025-12-15
CYL000113,BATCH6966,5kg FTL,Domestic,Full,DIST010,2019,2025-07-27
CYL000114,BATCH8424,14.2kg Domestic,Commercial,Empty,DIST002,2018,2026-02-08
CYL000115,BATCH1476,19kg Commercial,Commercial,Full,DIST016,2022,2026-01-06
CYL000116,BATCH8287,14.2kg Domestic,Commercial,Full,DIST019,2022,2025-09-21
CYL000117,BATCH6336,14.2kg Domestic,Commercial,Empty,DIST008,2024,2026-01-09
CYL000118,BATCH7759,14.2kg Domestic,Commercial,Full,COMP003,2019,2025-08-26
CYL000119,BATCH8936,19kg Commercial,Commercial,Full,DIST002,2021,2025-12-22
CYL000120,BATCH3917,14.2kg Domestic,Commercial,Empty,DIST013,2020,2025-12-27
CYL000121,BATCH6875,14.2kg Domestic,Commercial,Full,DIST009,2019,2025-09-16
CYL000122,BATCH1977,14.2kg Domestic,Commercial,Empty,DIST009,2019,2026-01-09
CYL000123,BATCH3804,19kg Commercial,Commercial,Empty,DIST025,2020,2025-11-14
CYL000124,BATCH3784,19kg Commercial,Commercial,Empty,DIST019,2022,2025-11-09
CYL000125,BATCH9015,14.2kg Domestic,Commercial,In Transit,COMP003,2019,2025-05-08
CYL000126,BATCH1237,14.2kg Domestic,Commercial,Empty,DIST024,2021,2025-10-31
CYL000127,BATCH4643,14.2kg Domestic,Commercial,Full,DIST019,2019,2025-05-17
CYL000128,BATCH1724,19kg Commercial,Commercial,Full,DIST002,2021,2025-06-21
CYL000129,BATCH8852,14.2kg Domestic,Commercial,Empty,COMP001,2024,2026-01-15
CYL000130,BATCH1203,14.2kg Domestic,Commercial,Full,DIST023,2023,2025-08-10
CYL000131,BATCH5846,19kg Commercial,Commercial,Full,DIST008,2023,2026-01-19
CYL000132,BATCH3650,14.2kg Domestic,Commercial,Empty,DIST023,2021,2025-05-18
CYL000133,BATCH8452,5kg FTL,Domestic,Full,DIST015,2024,2025-12-26
CYL000134,BATCH7068,19kg Commercial,Commercial,Full,DIST021,2021,2025-04-16
CYL000135,BATCH7305,14.2kg Domestic,Commercial,Empty,DIST023,2020,2025-06-08
CYL000136,BATCH5420,14.2kg Domestic,Commercial,Full,DIST023,2022,2025-06-02
CYL000137,BATCH2326,14.2kg Domestic,Commercial,Full,DIST020,2020,2026-02-06
CYL000138,BATCH6963,14.2kg Domestic,Commercial,In Transit,DIST002,2018,2025-08-22
CYL000139,BATCH6989,14.2kg Domestic,Commercial,Empty,DIST012,2019,2025-04-09
CYL000140,BATCH4354,14.2kg Domestic,Commercial,Full,DIST005,2020,2025-11-04
CYL000141,BATCH4437,14.2kg Domestic,Commercial,Empty,DIST025,2023,2025-11-11
CYL000142,BATCH9250,14.2kg Domestic,Commercial,In Transit,DIST022,2021,2025-10-16
CYL000143,BATCH8412,14.2kg Domestic,Commercial,Full,DIST016,2022,2025-06-10
CYL000144,BATCH9714,5kg FTL,Domestic,Empty,DIST022,2024,2025-06-07
CYL000145,BATCH7031,19kg Commercial,Commercial,Empty,COMP001,2023,2026-02-01
CYL000146,BATCH2430,14.2kg Domestic,Commercial,In Transit,DIST003,2021,2025-12-05
CYL000147,BATCH2791,14.2kg Domestic,Commercial,In Transit,DIST006,2020,2026-01-08
CYL000148,BATCH4346,5kg FTL,Domestic,Empty,DIST017,2023,2026-02-23
CYL000149,BATCH9870,14.2kg Domestic,Commercial,In Transit,DIST005,2021,2025-09-10
CYL000150,BATCH1351,14.2kg Domestic,Commercial,Empty,DIST010,2019,2026-02-02
CYL000151,BATCH9513,14.2kg Domestic,Commercial,Empty,DIST021,2020,2025-08-08
CYL000152,BATCH6346,14.2kg Domestic,Commercial,Empty,DIST016,2022,2025-06-08
CYL000153,BATCH5982,5kg FTL,Domestic,Full,DIST019,2019,2025-10-01
CYL000154,BATCH8933,14.2kg Domestic,Commercial,Full,DIST012,2020,2026-02-10
CYL000155,BATCH3725,14.2kg Domestic,Commercial,Full,DIST020,2019,2025-06-05
CYL000156,BATCH3514,14.2kg Domestic,Commercial,In Transit,DIST006,2019,2026-01-06
CYL000157,BATCH3072,14.2kg Domestic,Commercial,Full,DIST015,2020,2025-08-29
CYL000158,BATCH1568,14.2kg Domestic,Commercial,Empty,DIST022,2020,2025-09-11
CYL000159,BATCH3663,14.2kg Domestic,Commercial,Full,DIST018,2020,2026-01-03
CYL000160,BATCH9182,19kg Commercial,Commercial,Full,DIST025,2019,2025-07-15
CYL000161,BATCH9948,19kg Commercial,Commercial,Full,DIST017,2020,2025-04-09
CYL000162,BATCH5748,5kg FTL,Domestic,Empty,DIST025,2022,2025-12-21
CYL000163,BATCH8243,5kg FTL,Domestic,Empty,DIST011,2023,2026-01-08
CYL000164,BATCH3284,5kg FTL,Domestic,In Transit,DIST022,2022,2026-01-06
CYL000165,BATCH4610,14.2kg Domestic,Commercial,Full,DIST015,2020,2026-01-18
CYL000166,BATCH4197,14.2kg Domestic,Commercial,Empty,DIST019,2022,2025-11-13
CYL000167,BATCH4206,5kg FTL,Domestic,Empty,DIST001,2018,2025-06-04
CYL000168,BATCH2431,5kg FTL,Domestic,Empty,DIST017,2021,2025-11-27
CYL000169,BATCH9381,14.2kg Domestic,Commercial,Empty,DIST002,2023,2025-09-03
CYL000170,BATCH8006,14.2kg Domestic,Commercial,Empty,DIST012,2021,2025-08-28
CYL000171,BATCH6047,14.2kg Domestic,Commercial,Full,DIST015,2024,2025-05-23
CYL000172,BATCH8278,14.2kg Domestic,Commercial,Empty,DIST024,2021,2025-07-23
CYL000173,BATCH7944,14.2kg Domestic,Commercial,Empty,DIST024,2021,2025-12-25
CYL000174,BATCH3353,5kg FTL,Domestic,Empty,DIST007,2020,2025-07-06
CYL000175,BATCH6495,47.5kg Industrial,Commercial,Empty,DIST003,2022,2025-08-26
CYL000176,BATCH5478,14.2kg Domestic,Commercial,Full,DIST014,2019,2025-05-26
CYL000177,BATCH3243,14.2kg Domestic,Commercial,Empty,DIST007,2019,2025-08-23
CYL000178,BATCH5947,14.2kg Domestic,Commercial,Empty,COMP002,2022,2025-10-02
CYL000179,BATCH4678,14.2kg Domestic,Commercial,Empty,DIST001,2024,2026-03-05
CYL000180,BATCH8742,14.2kg Domestic,Commercial,Full,DIST004,2023,2025-10-10
CYL000181,BATCH5009,14.2kg Domestic,Commercial,Empty,DIST001,2018,2025-10-16
CYL000182,BATCH6927,14.2kg Domestic,Commercial,In Transit,DIST019,2021,2025-05-21
CYL000183,BATCH8799,14.2kg Domestic,Commercial,Full,DIST023,2024,2026-01-04
CYL000184,BATCH1287,14.2kg Domestic,Commercial,Empty,COMP003,2020,2025-12-13
CYL000185,BATCH8553,14.2kg Domestic,Commercial,Full,DIST023,2019,2025-09-05
CYL000186,BATCH7873,14.2kg Domestic,Commercial,Full,DIST021,2020,2026-02-10
CYL000187,BATCH2258,14.2kg Domestic,Commercial,Empty,DIST017,2019,2025-04-19
CYL000188,BATCH3738,14.2kg Domestic,Commercial,Full,DIST018,2020,2025-09-26
CYL000189,BATCH5932,5kg FTL,Domestic,Empty,DIST009,2023,2025-09-02
CYL000190,BATCH3354,14.2kg Domestic,Commercial,Empty,DIST001,2019,2025-06-14
CYL000191,BATCH7750,14.2kg Domestic,Commercial,Empty,DIST011,2019,2026-01-13
CYL000192,BATCH4087,14.2kg Domestic,Commercial,Empty,COMP001,2022,2025-04-26
CYL000193,BATCH9717,5kg FTL,Domestic,In Transit,DIST023,2022,2026-01-07
CYL000194,BATCH2909,14.2kg Domestic,Commercial,In Transit,COMP002,2019,2026-02-26
CYL000195,BATCH6940,14.2kg Domestic,Commercial,Full,DIST005,2024,2025-07-23
CYL000196,BATCH6604,19kg Commercial,Commercial,Empty,DIST006,2023,2025-10-02
CYL000197,BATCH4643,14.2kg Domestic,Commercial,Empty,DIST005,2024,2025-12-24
CYL000198,BATCH4438,5kg FTL,Domestic,Full,DIST005,2018,2025-08-01
CYL000199,BATCH2273,5kg FTL,Domestic,Empty,DIST001,2024,2025-07-02
CYL000200,BATCH2766,5kg FTL,Domestic,Full,DIST002,2024,2025-06-17
CYL000201,BATCH5145,14.2kg Domestic,Commercial,Empty,DIST002,2018,2025-10-03
CYL000202,BATCH3028,5kg FTL,Domestic,Empty,DIST020,2019,2025-05-10
CYL000203,BATCH6759,19kg Commercial,Commercial,Full,DIST001,2018,2025-12-22
CYL000204,BATCH6698,5kg FTL,Domestic,In Transit,DIST012,2019,2025-06-23
CYL000205,BATCH9272,5kg FTL,Domestic,Empty,DIST019,2018,2026-01-15
CYL000206,BATCH9664,5kg FTL,Domestic,Empty,DIST007,2023,2025-11-28
CYL000207,BATCH9800,47.5kg Industrial,Commercial,Full,DIST001,2023,2026-01-15
CYL000208,BATCH8777,19kg Commercial,Commercial,In Transit,DIST012,2023,2025-05-09
CYL000209,BATCH2758,14.2kg Domestic,Commercial,Empty,DIST006,2024,2025-09-06
CYL000210,BATCH9425,47.5kg Industrial,Commercial,Full,DIST008,2021,2026-01-08
CYL000211,BATCH8633,5kg FTL,Domestic,Full,DIST004,2022,2025-12-27
CYL000212,BATCH5723,14.2kg Domestic,Commercial,Full,DIST018,2023,2026-02-14
CYL000213,BATCH7304,14.2kg Domestic,Commercial,Empty,DIST010,2021,2025-05-03
CYL000214,BATCH8273,5kg FTL,Domestic,Empty,DIST008,2022,2025-08-10
CYL000215,BATCH4093,14.2kg Domestic,Commercial,In Transit,COMP003,2018,2025-07-06
CYL000216,BATCH1209,19kg Commercial,Commercial,Full,DIST022,2021,2026-01-12
CYL000217,BATCH2392,14.2kg Domestic,Commercial,Empty,DIST004,2019,2025-08-16
CYL000218,BATCH2666,14.2kg Domestic,Commercial,Empty,DIST024,2019,2026-02-01
CYL000219,BATCH4281,14.2kg Domestic,Commercial,Full,DIST020,2024,2025-08-12
CYL000220,BATCH9177,14.2kg Domestic,Commercial,Empty,DIST009,2024,2025-05-13
CYL000221,BATCH7557,14.2kg Domestic,Commercial,Empty,DIST012,2021,2025-05-02
CYL000222,BATCH9379,47.5kg Industrial,Commercial,In Transit,DIST009,2019,2025-07-17
CYL000223,BATCH9147,14.2kg Domestic,Commercial,Full,DIST008,2023,2025-12-28
CYL000224,BATCH2117,14.2kg Domestic,Commercial,Empty,DIST016,2023,2026-02-21
CYL000225,BATCH6356,47.5kg Industrial,Commercial,Full,DIST005,2020,2025-04-22
CYL000226,BATCH9518,14.2kg Domestic,Commercial,Empty,DIST025,2021,2025-07-11
CYL000227,BATCH9032,14.2kg Domestic,Commercial,Empty,DIST017,2020,2025-06-02
CYL000228,BATCH9955,14.2kg Domestic,Commercial,In Transit,DIST001,2024,2026-02-18
CYL000229,BATCH2951,47.5kg Industrial,Commercial,In Transit,DIST013,2021,2025-09-26
CYL000230,BATCH1589,19kg Commercial,Commercial,Full,DIST002,2019,2025-05-25
CYL000231,BATCH3689,5kg FTL,Domestic,Empty,DIST016,2021,2025-12-28
CYL000232,BATCH2792,14.2kg Domestic,Commercial,Full,DIST019,2023,2025-06-28
CYL000233,BATCH8697,5kg FTL,Domestic,Empty,DIST016,2022,2025-12-16
CYL000234,BATCH9105,14.2kg Domestic,Commercial,Full,DIST019,2021,2025-04-25
CYL000235,BATCH5660,5kg FTL,Domestic,Empty,DIST011,2018,2026-02-20
CYL000236,BATCH7003,14.2kg Domestic,Commercial,Full,DIST012,2024,2025-05-12
CYL000237,BATCH6591,14.2kg Domestic,Commercial,In Transit,DIST013,2018,2025-07-30
CYL000238,BATCH6755,14.2kg Domestic,Commercial,Full,DIST002,2023,2025-11-01
CYL000239,BATCH2391,14.2kg Domestic,Commercial,Empty,DIST023,2018,2025-10-01
CYL000240,BATCH9821,14.2kg Domestic,Commercial,Full,DIST011,2018,2025-07-14
CYL000241,BATCH9433,5kg FTL,Domestic,Full,DIST014,2020,2026-02-24
CYL000242,BATCH6185,5kg FTL,Domestic,Empty,DIST013,2022,2025-08-19
CYL000243,BATCH9001,14.2kg Domestic,Commercial,Full,DIST004,2023,2025-11-21
CYL000244,BATCH6563,14.2kg Domestic,Commercial,Empty,DIST006,2022,2025-10-04
CYL000245,BATCH9142,14.2kg Domestic,Commercial,Full,DIST021,2024,2026-01-27
CYL000246,BATCH5708,5kg FTL,Domestic,Empty,DIST009,2018,2025-10-05
CYL000247,BATCH4700,47.5kg Industrial,Commercial,Full,DIST020,2023,2026-01-18
CYL000248,BATCH6518,5kg FTL,Domestic,Empty,DIST009,2018,2025-05-20
CYL000249,BATCH4436,5kg FTL,Domestic,Empty,DIST012,2024,2026-01-26
CYL000250,BATCH5913,5kg FTL,Domestic,Full,DIST014,2023,2025-06-03
CYL000251,BATCH5116,14.2kg Domestic,Commercial,Full,DIST020,2022,2025-07-17
CYL000252,BATCH1304,5kg FTL,Domestic,Empty,DIST021,2023,2025-06-15
CYL000253,BATCH4489,19kg Commercial,Commercial,Empty,DIST022,2024,2025-07-10
CYL000254,BATCH8106,14.2kg Domestic,Commercial,Empty,DIST019,2023,2025-04-20
CYL000255,BATCH8577,14.2kg Domestic,Commercial,Full,DIST005,2019,2025-12-19
CYL000256,BATCH8133,5kg FTL,Domestic,Empty,DIST014,2020,2026-02-02
CYL000257,BATCH5373,14.2kg Domestic,Commercial,Empty,COMP002,2020,2025-04-10
CYL000258,BATCH4868,14.2kg Domestic,Commercial,Empty,DIST013,2019,2026-01-07
CYL000259,BATCH6087,14.2kg Domestic,Commercial,Full,DIST015,2021,2025-05-24
CYL000260,BATCH1606,47.5kg Industrial,Commercial,Full,DIST007,2019,2025-10-18
CYL000261,BATCH5551,14.2kg Domestic,Commercial,Full,DIST022,2022,2025-12-06
CYL000262,BATCH8960,14.2kg Domestic,Commercial,Full,COMP001,2018,2026-02-06
CYL000263,BATCH5882,19kg Commercial,Commercial,Full,COMP003,2018,2025-08-10
CYL000264,BATCH2479,19kg Commercial,Commercial,Empty,DIST013,2024,2025-12-25
CYL000265,BATCH9196,14.2kg Domestic,Commercial,Empty,DIST004,2022,2025-05-13
CYL000266,BATCH5125,19kg Commercial,Commercial,In Transit,DIST016,2018,2025-11-05
CYL000267,BATCH6134,14.2kg Domestic,Commercial,Empty,DIST011,2024,2025-05-11
CYL000268,BATCH4865,5kg FTL,Domestic,Empty,DIST014,2019,2025-12-23
CYL000269,BATCH5498,14.2kg Domestic,Commercial,Full,DIST015,2021,2025-10-27
CYL000270,BATCH9740,19kg Commercial,Commercial,Full,DIST012,2023,2026-01-08
CYL000271,BATCH5036,14.2kg Domestic,Commercial,Full,DIST009,2024,2025-12-22
CYL000272,BATCH6049,14.2kg Domestic,Commercial,Empty,DIST001,2023,2025-04-30
CYL000273,BATCH1895,14.2kg Domestic,Commercial,Empty,DIST023,2024,2025-11-04
CYL000274,BATCH6945,14.2kg Domestic,Commercial,Full,COMP001,2023,2026-01-03
CYL000275,BATCH8248,14.2kg Domestic,Commercial,Full,DIST013,2018,2025-08-17
CYL000276,BATCH5929,19kg Commercial,Commercial,In Transit,DIST003,2024,2025-11-06
CYL000277,BATCH3625,14.2kg Domestic,Commercial,In Transit,DIST015,2023,2025-09-25
CYL000278,BATCH7656,19kg Commercial,Commercial,Empty,COMP001,2018,2025-10-17
CYL000279,BATCH9055,19kg Commercial,Commercial,Empty,DIST016,2023,2025-08-07
CYL000280,BATCH7920,19kg Commercial,Commercial,Full,COMP002,2018,2025-12-14
CYL000281,BATCH6764,5kg FTL,Domestic,Empty,DIST014,2022,2025-05-30
CYL000282,BATCH1448,5kg FTL,Domestic,Empty,DIST025,2018,2025-04-12
CYL000283,BATCH3229,14.2kg Domestic,Commercial,Empty,DIST001,2021,2025-11-24
CYL000284,BATCH2347,14.2kg Domestic,Commercial,Full,DIST004,2019,2025-10-30
CYL000285,BATCH3131,14.2kg Domestic,Commercial,In Transit,COMP003,2022,2025-08-08
CYL000286,BATCH8837,5kg FTL,Domestic,Full,COMP003,2023,2025-12-28
CYL000287,BATCH6367,14.2kg Domestic,Commercial,Empty,COMP001,2020,2025-11-25
CYL000288,BATCH7447,14.2kg Domestic,Commercial,Full,DIST013,2024,2025-05-18
CYL000289,BATCH4747,14.2kg Domestic,Commercial,In Transit,DIST003,2021,2025-11-25
CYL000290,BATCH1815,14.2kg Domestic,Commercial,In Transit,DIST013,2022,2025-07-30
CYL000291,BATCH7028,14.2kg Domestic,Commercial,Full,DIST006,2022,2026-01-05
CYL000292,BATCH8433,14.2kg Domestic,Commercial,Empty,COMP002,2023,2025-06-26
CYL000293,BATCH4121,14.2kg Domestic,Commercial,Empty,COMP003,2024,2025-10-21
CYL000294,BATCH3133,14.2kg Domestic,Commercial,Empty,DIST014,2024,2025-11-21
CYL000295,BATCH5636,14.2kg Domestic,Commercial,In Transit,DIST024,2023,2025-11-30
CYL000296,BATCH3391,14.2kg Domestic,Commercial,Full,DIST001,2020,2025-10-23
CYL000297,BATCH5068,14.2kg Domestic,Commercial,Empty,DIST012,2022,2025-04-09
CYL000298,BATCH3182,14.2kg Domestic,Commercial,Full,COMP003,2020,2025-08-15
CYL000299,BATCH7935,5kg FTL,Domestic,Empty,DIST024,2022,2025-10-26
CYL000300,BATCH1853,14.2kg Domestic,Commercial,Empty,DIST011,2019,2025-07-08
CYL000301,BATCH1745,19kg Commercial,Commercial,In Transit,DIST001,2020,2025-06-21
CYL000302,BATCH7466,14.2kg Domestic,Commercial,Full,DIST022,2020,2025-12-29
CYL000303,BATCH3938,47.5kg Industrial,Commercial,Empty,DIST009,2019,2025-06-22
CYL000304,BATCH8669,14.2kg Domestic,Commercial,Full,DIST005,2018,2025-09-25
CYL000305,BATCH5266,5kg FTL,Domestic,Full,DIST004,2020,2026-02-12
CYL000306,BATCH5603,47.5kg Industrial,Commercial,Empty,DIST024,2020,2025-07-29
CYL000307,BATCH5321,14.2kg Domestic,Commercial,In Transit,DIST017,2020,2025-07-26
CYL000308,BATCH9049,19kg Commercial,Commercial,Full,DIST025,2019,2025-05-26
CYL000309,BATCH8208,19kg Commercial,Commercial,Empty,DIST002,2019,2025-12-20
CYL000310,BATCH8704,14.2kg Domestic,Commercial,Full,DIST009,2019,2025-07-10
CYL000311,BATCH9108,14.2kg Domestic,Commercial,In Transit,DIST002,2021,2025-09-05
CYL000312,BATCH8499,47.5kg Industrial,Commercial,Empty,DIST016,2018,2025-12-21
CYL000313,BATCH5654,14.2kg Domestic,Commercial,Full,DIST006,2024,2025-12-10
CYL000314,BATCH4479,5kg FTL,Domestic,Empty,DIST019,2018,2025-06-10
CYL000315,BATCH2258,5kg FTL,Domestic,Full,DIST008,2024,2025-06-24
CYL000316,BATCH1425,5kg FTL,Domestic,In Transit,DIST010,2023,2026-01-03
CYL000317,BATCH2737,14.2kg Domestic,Commercial,Empty,COMP002,2020,2025-12-18
CYL000318,BATCH8861,14.2kg Domestic,Commercial,Empty,DIST015,2023,2025-10-20
CYL000319,BATCH1718,14.2kg Domestic,Commercial,Full,DIST021,2022,2025-07-18
CYL000320,BATCH3118,14.2kg Domestic,Commercial,Empty,DIST007,2024,2026-02-10
CYL000321,BATCH1909,5kg FTL,Domestic,Full,DIST024,2018,2025-05-30
CYL000322,BATCH7534,47.5kg Industrial,Commercial,Full,DIST009,2019,2025-11-04
CYL000323,BATCH2461,47.5kg Industrial,Commercial,In Transit,DIST001,2024,2025-11-20
CYL000324,BATCH5668,14.2kg Domestic,Commercial,Empty,DIST021,2024,2025-04-06
CYL000325,BATCH8083,14.2kg Domestic,Commercial,Full,DIST024,2024,2025-09-29
CYL000326,BATCH6882,19kg Commercial,Commercial,Empty,DIST022,2018,2025-08-30
CYL000327,BATCH7358,14.2kg Domestic,Commercial,Empty,DIST016,2020,2025-05-22
CYL000328,BATCH7922,14.2kg Domestic,Commercial,Full,COMP001,2020,2025-04-26
CYL000329,BATCH2522,14.2kg Domestic,Commercial,Empty,DIST002,2022,2025-09-13
CYL000330,BATCH3540,47.5kg Industrial,Commercial,Empty,DIST016,2022,2025-04-18
CYL000331,BATCH8671,14.2kg Domestic,Commercial,Full,DIST014,2018,2025-07-05
CYL000332,BATCH5921,14.2kg Domestic,Commercial,In Transit,COMP002,2019,2025-06-12
CYL000333,BATCH2253,14.2kg Domestic,Commercial,Empty,DIST002,2022,2026-01-10
CYL000334,BATCH8612,14.2kg Domestic,Commercial,Full,DIST022,2023,2025-05-19
CYL000335,BATCH2339,5kg FTL,Domestic,Full,DIST025,2022,2026-02-26
CYL000336,BATCH3941,14.2kg Domestic,Commercial,Empty,COMP001,2019,2025-08-17
CYL000337,BATCH5876,14.2kg Domestic,Commercial,Full,DIST011,2022,2025-07-17
CYL000338,BATCH5342,5kg FTL,Domestic,Full,DIST011,2024,2025-12-01
CYL000339,BATCH5248,14.2kg Domestic,Commercial,Full,COMP003,2023,2026-01-11
CYL000340,BATCH7470,14.2kg Domestic,Commercial,Full,DIST004,2018,2025-12-09
CYL000341,BATCH7637,5kg FTL,Domestic,Empty,COMP003,2023,2025-05-02
CYL000342,BATCH6910,5kg FTL,Domestic,Full,DIST023,2023,2025-08-16
CYL000343,BATCH3213,5kg FTL,Domestic,Full,DIST001,2019,2026-01-08
CYL000344,BATCH4083,5kg FTL,Domestic,Empty,COMP003,2018,2025-11-19
CYL000345,BATCH4961,14.2kg Domestic,Commercial,Full,DIST014,2024,2025-04-20
CYL000346,BATCH2410,19kg Commercial,Commercial,Empty,DIST010,2024,2025-07-12
CYL000347,BATCH2908,14.2kg Domestic,Commercial,Full,DIST006,2019,2025-07-22
CYL000348,BATCH8364,47.5kg Industrial,Commercial,Empty,DIST019,2019,2025-11-23
CYL000349,BATCH7418,14.2kg Domestic,Commercial,Empty,DIST002,2020,2026-03-02
CYL000350,BATCH8074,14.2kg Domestic,Commercial,Empty,DIST014,2024,2025-06-26
CYL000351,BATCH5764,5kg FTL,Domestic,Empty,DIST002,2021,2025-08-14
CYL000352,BATCH8993,14.2kg Domestic,Commercial,Empty,DIST008,2023,2026-02-03
CYL000353,BATCH6174,14.2kg Domestic,Commercial,Full,DIST018,2018,2025-10-20
CYL000354,BATCH8755,19kg Commercial,Commercial,Full,DIST004,2021,2025-04-22
CYL000355,BATCH8147,19kg Commercial,Commercial,Full,DIST001,2019,2025-10-10
CYL000356,BATCH8178,5kg FTL,Domestic,Empty,DIST008,2022,2025-11-14
CYL000357,BATCH8675,14.2kg Domestic,Commercial,Empty,DIST005,2020,2025-08-19
CYL000358,BATCH6902,47.5kg Industrial,Commercial,Empty,COMP001,2021,2025-12-14
CYL000359,BATCH2412,14.2kg Domestic,Commercial,Full,DIST022,2021,2025-12-30
CYL000360,BATCH9063,14.2kg Domestic,Commercial,Full,DIST004,2024,2025-08-06
CYL000361,BATCH4845,19kg Commercial,Commercial,Empty,DIST007,2022,2026-02-10
CYL000362,BATCH5273,47.5kg Industrial,Commercial,Full,DIST012,2023,2025-12-15
CYL000363,BATCH9248,14.2kg Domestic,Commercial,In Transit,DIST002,2024,2026-02-02
CYL000364,BATCH4714,14.2kg Domestic,Commercial,Full,DIST004,2022,2025-11-12
CYL000365,BATCH6820,14.2kg Domestic,Commercial,In Transit,DIST025,2018,2025-05-25
CYL000366,BATCH9444,14.2kg Domestic,Commercial,Full,DIST020,2023,2026-01-12
CYL000367,BATCH8173,5kg FTL,Domestic,In Transit,COMP001,2021,2026-01-09
CYL000368,BATCH2669,47.5kg Industrial,Commercial,Empty,COMP002,2022,2026-02-13
CYL000369,BATCH2934,14.2kg Domestic,Commercial,Full,COMP003,2019,2025-09-02
CYL000370,BATCH8233,14.2kg Domestic,Commercial,Full,DIST025,2022,2025-06-24
CYL000371,BATCH6959,5kg FTL,Domestic,Full,DIST011,2024,2025-12-26
CYL000372,BATCH7811,14.2kg Domestic,Commercial,Full,DIST025,2024,2026-03-03
CYL000373,BATCH6592,14.2kg Domestic,Commercial,Empty,DIST010,2022,2025-12-09
CYL000374,BATCH7799,14.2kg Domestic,Commercial,Full,DIST012,2023,2025-11-01
CYL000375,BATCH7909,14.2kg Domestic,Commercial,Empty,COMP001,2019,2025-12-26
CYL000376,BATCH7706,5kg FTL,Domestic,Full,DIST015,2024,2025-06-15
CYL000377,BATCH1487,5kg FTL,Domestic,Full,DIST015,2019,2026-03-01
CYL000378,BATCH2140,5kg FTL,Domestic,Empty,DIST003,2020,2025-09-26
CYL000379,BATCH8111,14.2kg Domestic,Commercial,Empty,DIST002,2021,2026-02-16
CYL000380,BATCH1947,5kg FTL,Domestic,Empty,DIST021,2023,2025-06-13
CYL000381,BATCH5986,47.5kg Industrial,Commercial,Full,DIST024,2023,2025-09-27
CYL000382,BATCH5583,19kg Commercial,Commercial,Full,DIST017,2022,2025-12-21
CYL000383,BATCH4360,5kg FTL,Domestic,Full,DIST018,2022,2025-04-24
CYL000384,BATCH7627,5kg FTL,Domestic,Empty,DIST025,2019,2025-10-03
CYL000385,BATCH7389,14.2kg Domestic,Commercial,Empty,DIST024,2023,2026-01-01
CYL000386,BATCH4501,14.2kg Domestic,Commercial,Empty,DIST003,2022,2025-05-28
CYL000387,BATCH3621,14.2kg Domestic,Commercial,Full,DIST001,2018,2025-06-03
CYL000388,BATCH5979,14.2kg Domestic,Commercial,Full,DIST024,2021,2025-06-21
CYL000389,BATCH7110,14.2kg Domestic,Commercial,Full,DIST009,2023,2025-06-20
CYL000390,BATCH3043,14.2kg Domestic,Commercial,Full,DIST015,2020,2025-05-17
CYL000391,BATCH4868,5kg FTL,Domestic,Empty,COMP001,2023,2025-05-13
CYL000392,BATCH9737,14.2kg Domestic,Commercial,In Transit,COMP003,2022,2025-11-07
CYL000393,BATCH3293,14.2kg Domestic,Commercial,Full,DIST023,2021,2025-06-13
CYL000394,BATCH9461,5kg FTL,Domestic,Full,DIST019,2019,2025-09-03
CYL000395,BATCH7974,14.2kg Domestic,Commercial,Full,COMP002,2021,2026-01-24
CYL000396,BATCH3130,14.2kg Domestic,Commercial,Full,DIST016,2019,2025-07-21
CYL000397,BATCH7598,14.2kg Domestic,Commercial,Empty,DIST019,2022,2025-06-14
CYL000398,BATCH9172,5kg FTL,Domestic,In Transit,DIST021,2021,2025-07-24
CYL000399,BATCH7830,5kg FTL,Domestic,In Transit,COMP002,2019,2025-12-23
CYL000400,BATCH8499,14.2kg Domestic,Commercial,Empty,DIST005,2023,2025-06-17
CYL000401,BATCH4483,19kg Commercial,Commercial,Full,DIST015,2021,2026-02-18
CYL000402,BATCH7051,5kg FTL,Domestic,In Transit,DIST004,2022,2025-08-09
CYL000403,BATCH5744,14.2kg Domestic,Commercial,Full,DIST002,2022,2025-12-18
CYL000404,BATCH7135,14.2kg Domestic,Commercial,Full,DIST010,2020,2025-07-01
CYL000405,BATCH7910,14.2kg Domestic,Commercial,Full,DIST002,2020,2025-10-12
CYL000406,BATCH9008,14.2kg Domestic,Commercial,Empty,DIST001,2018,2025-05-30
CYL000407,BATCH7841,14.2kg Domestic,Commercial,In Transit,DIST016,2022,2025-09-29
CYL000408,BATCH7181,14.2kg Domestic,Commercial,In Transit,DIST016,2024,2025-04-30
CYL000409,BATCH8551,14.2kg Domestic,Commercial,Full,DIST025,2021,2025-07-20
CYL000410,BATCH2463,14.2kg Domestic,Commercial,Empty,COMP001,2022,2025-04-21
CYL000411,BATCH7478,14.2kg Domestic,Commercial,Full,DIST011,2022,2026-02-11
CYL000412,BATCH5544,47.5kg Industrial,Commercial,In Transit,DIST021,2018,2025-12-12
CYL000413,BATCH6060,5kg FTL,Domestic,Empty,DIST018,2023,2026-01-02
CYL000414,BATCH9877,14.2kg Domestic,Commercial,Full,DIST019,2024,2026-02-07
CYL000415,BATCH8796,47.5kg Industrial,Commercial,Empty,DIST017,2018,2026-01-04
CYL000416,BATCH1310,5kg FTL,Domestic,Empty,DIST009,2024,2025-11-21
CYL000417,BATCH8278,14.2kg Domestic,Commercial,Empty,DIST003,2024,2025-06-06
CYL000418,BATCH1737,14.2kg Domestic,Commercial,Full,DIST016,2024,2026-02-23
CYL000419,BATCH1394,14.2kg Domestic,Commercial,Full,COMP003,2022,2025-09-25
CYL000420,BATCH2627,14.2kg Domestic,Commercial,Full,DIST018,2019,2025-10-11
CYL000421,BATCH2468,14.2kg Domestic,Commercial,Full,DIST005,2020,2025-08-10
CYL000422,BATCH6329,5kg FTL,Domestic,Full,DIST006,2018,2026-02-05
CYL000423,BATCH3334,14.2kg Domestic,Commercial,Full,DIST014,2020,2025-10-25
CYL000424,BATCH2981,14.2kg Domestic,Commercial,Empty,DIST002,2019,2025-11-04
CYL000425,BATCH9076,5kg FTL,Domestic,Empty,DIST017,2024,2025-06-21
CYL000426,BATCH1993,14.2kg Domestic,Commercial,Full,DIST011,2021,2025-05-27
CYL000427,BATCH7676,14.2kg Domestic,Commercial,Empty,DIST021,2019,2026-02-25
CYL000428,BATCH2663,14.2kg Domestic,Commercial,In Transit,DIST008,2024,2025-05-26
CYL000429,BATCH7664,5kg FTL,Domestic,Full,DIST015,2018,2025-04-15
CYL000430,BATCH3332,14.2kg Domestic,Commercial,Empty,DIST012,2022,2025-12-10
CYL000431,BATCH7942,5kg FTL,Domestic,Empty,DIST018,2021,2026-02-13
CYL000432,BATCH5739,14.2kg Domestic,Commercial,Empty,DIST021,2019,2026-03-06
CYL000433,BATCH5477,14.2kg Domestic,Commercial,In Transit,DIST020,2020,2025-08-24
CYL000434,BATCH4485,47.5kg Industrial,Commercial,Empty,DIST019,2024,2025-06-18
CYL000435,BATCH9750,14.2kg Domestic,Commercial,Full,DIST019,2018,2025-10-04
CYL000436,BATCH3288,14.2kg Domestic,Commercial,Empty,DIST024,2022,2025-10-14
CYL000437,BATCH9270,19kg Commercial,Commercial,Full,COMP001,2020,2025-09-12
CYL000438,BATCH8417,14.2kg Domestic,Commercial,In Transit,DIST009,2019,2025-09-23
CYL000439,BATCH6381,14.2kg Domestic,Commercial,Empty,DIST001,2023,2025-12-28
CYL000440,BATCH8807,14.2kg Domestic,Commercial,Full,DIST001,2018,2025-12-08
CYL000441,BATCH9011,14.2kg Domestic,Commercial,In Transit,DIST025,2021,2025-06-04
CYL000442,BATCH2270,14.2kg Domestic,Commercial,In Transit,DIST018,2018,2025-07-22
CYL000443,BATCH7166,5kg FTL,Domestic,Full,COMP002,2022,2025-09-04
CYL000444,BATCH1138,14.2kg Domestic,Commercial,Empty,DIST004,2021,2025-08-29
CYL000445,BATCH4629,19kg Commercial,Commercial,Full,DIST024,2018,2025-10-14
CYL000446,BATCH4137,5kg FTL,Domestic,Empty,DIST003,2024,2025-04-26
CYL000447,BATCH4623,14.2kg Domestic,Commercial,Empty,DIST008,2021,2025-09-02
CYL000448,BATCH4425,14.2kg Domestic,Commercial,Empty,DIST001,2019,2025-04-14
CYL000449,BATCH9197,14.2kg Domestic,Commercial,In Transit,DIST016,2019,2025-05-28
CYL000450,BATCH3875,14.2kg Domestic,Commercial,Empty,DIST003,2022,2025-12-31
CYL000451,BATCH4734,5kg FTL,Domestic,Full,DIST017,2023,2025-10-17
CYL000452,BATCH9731,14.2kg Domestic,Commercial,Empty,DIST020,2020,2025-05-24
CYL000453,BATCH7997,19kg Commercial,Commercial,Full,DIST021,2023,2025-04-08
CYL000454,BATCH8086,14.2kg Domestic,Commercial,In Transit,COMP003,2021,2025-10-17
CYL000455,BATCH9119,14.2kg Domestic,Commercial,Empty,DIST012,2022,2026-02-12
CYL000456,BATCH5553,19kg Commercial,Commercial,Full,DIST014,2022,2025-07-20
CYL000457,BATCH6483,14.2kg Domestic,Commercial,Full,DIST003,2022,2026-02-22
CYL000458,BATCH7943,47.5kg Industrial,Commercial,Full,DIST003,2019,2025-11-26
CYL000459,BATCH2584,14.2kg Domestic,Commercial,Full,DIST001,2021,2025-07-28
CYL000460,BATCH6477,5kg FTL,Domestic,Empty,COMP002,2020,2025-10-31
CYL000461,BATCH6583,14.2kg Domestic,Commercial,Full,COMP002,2018,2025-09-17
CYL000462,BATCH2194,14.2kg Domestic,Commercial,Full,DIST025,2022,2025-04-23
CYL000463,BATCH8314,14.2kg Domestic,Commercial,Full,DIST019,2018,2026-01-22
CYL000464,BATCH7183,47.5kg Industrial,Commercial,In Transit,DIST011,2024,2026-02-01
CYL000465,BATCH8240,5kg FTL,Domestic,Full,DIST002,2020,2025-04-28
CYL000466,BATCH1914,14.2kg Domestic,Commercial,Full,DIST018,2018,2025-10-07
CYL000467,BATCH7735,5kg FTL,Domestic,Full,DIST008,2024,2025-05-04
CYL000468,BATCH8428,5kg FTL,Domestic,Empty,DIST013,2021,2025-07-30
CYL000469,BATCH6564,19kg Commercial,Commercial,Empty,DIST021,2023,2026-02-21
CYL000470,BATCH4153,14.2kg Domestic,Commercial,Full,DIST004,2018,2026-02-28
CYL000471,BATCH4172,14.2kg Domestic,Commercial,Full,DIST019,2019,2025-04-14
CYL000472,BATCH8887,14.2kg Domestic,Commercial,Full,DIST024,2022,2025-07-22
CYL000473,BATCH1722,14.2kg Domestic,Commercial,Full,DIST002,2019,2025-09-28
CYL000474,BATCH6861,14.2kg Domestic,Commercial,Empty,DIST010,2022,2025-06-02
CYL000475,BATCH6057,5kg FTL,Domestic,Full,DIST020,2020,2025-10-08
CYL000476,BATCH3369,14.2kg Domestic,Commercial,Full,DIST002,2019,2025-06-20
CYL000477,BATCH1894,5kg FTL,Domestic,Empty,DIST014,2020,2025-11-26
CYL000478,BATCH4297,47.5kg Industrial,Commercial,Empty,COMP001,2018,2025-09-13
CYL000479,BATCH8657,14.2kg Domestic,Commercial,Empty,DIST020,2023,2025-09-18
CYL000480,BATCH6499,19kg Commercial,Commercial,Empty,DIST020,2020,2025-08-04
CYL000481,BATCH1691,14.2kg Domestic,Commercial,Full,DIST016,2019,2026-03-05
CYL000482,BATCH8643,14.2kg Domestic,Commercial,Empty,DIST020,2019,2025-11-04
CYL000483,BATCH6431,14.2kg Domestic,Commercial,Empty,COMP001,2023,2025-08-26
CYL000484,BATCH1110,14.2kg Domestic,Commercial,Full,DIST012,2018,2026-01-28
CYL000485,BATCH3333,14.2kg Domestic,Commercial,Empty,DIST010,2021,2025-11-27
CYL000486,BATCH6896,14.2kg Domestic,Commercial,In Transit,DIST002,2018,2025-11-25
CYL000487,BATCH5292,14.2kg Domestic,Commercial,Full,DIST024,2019,2025-09-14
CYL000488,BATCH4211,5kg FTL,Domestic,Full,DIST001,2019,2025-10-23
CYL000489,BATCH3248,19kg Commercial,Commercial,Full,DIST013,2023,2026-01-09
CYL000490,BATCH8474,14.2kg Domestic,Commercial,Full,DIST008,2020,2025-08-28
CYL000491,BATCH8106,5kg FTL,Domestic,In Transit,DIST023,2018,2026-01-05
CYL000492,BATCH4107,14.2kg Domestic,Commercial,In Transit,DIST007,2022,2025-08-25
CYL000493,BATCH8037,5kg FTL,Domestic,Full,DIST021,2019,2026-02-11
CYL000494,BATCH9773,5kg FTL,Domestic,Empty,DIST010,2024,2025-12-20
CYL000495,BATCH5588,14.2kg Domestic,Commercial,Full,COMP003,2019,2025-06-19
CYL000496,BATCH4428,47.5kg Industrial,Commercial,In Transit,DIST024,2018,2025-07-09
CYL000497,BATCH3743,5kg FTL,Domestic,Empty,DIST017,2021,2025-04-10
CYL000498,BATCH9501,5kg FTL,Domestic,Full,DIST015,2019,2025-09-23
CYL000499,BATCH8918,5kg FTL,Domestic,Empty,DIST023,2021,2025-07-07
CYL000500,BATCH1599,14.2kg Domestic,Commercial,Full,DIST007,2019,2025-11-23
CYL000501,BATCH4581,14.2kg Domestic,Commercial,Full,DIST010,2021,2025-08-25
CYL000502,BATCH7129,14.2kg Domestic,Commercial,In Transit,DIST009,2022,2026-01-22
CYL000503,BATCH8282,14.2kg Domestic,Commercial,Full,DIST017,2020,2025-11-09
CYL000504,BATCH6511,14.2kg Domestic,Commercial,Empty,DIST014,2021,2025-07-10
CYL000505,BATCH9151,14.2kg Domestic,Commercial,Full,DIST011,2020,2025-08-23
CYL000506,BATCH5351,14.2kg Domestic,Commercial,Full,DIST021,2018,2025-09-04
CYL000507,BATCH9220,19kg Commercial,Commercial,Full,DIST017,2022,2025-04-11
CYL000508,BATCH4731,14.2kg Domestic,Commercial,Full,DIST004,2018,2026-01-29
CYL000509,BATCH6468,14.2kg Domestic,Commercial,Empty,DIST007,2023,2025-09-19
CYL000510,BATCH5496,14.2kg Domestic,Commercial,Empty,DIST007,2023,2025-05-01
CYL000511,BATCH9898,47.5kg Industrial,Commercial,In Transit,DIST009,2018,2025-10-04
CYL000512,BATCH7616,14.2kg Domestic,Commercial,Full,DIST013,2024,2025-05-14
CYL000513,BATCH9399,5kg FTL,Domestic,Full,DIST025,2019,2025-08-15
CYL000514,BATCH4438,14.2kg Domestic,Commercial,Empty,DIST016,2019,2025-06-15
CYL000515,BATCH8679,14.2kg Domestic,Commercial,Empty,DIST024,2024,2025-07-13
CYL000516,BATCH4077,14.2kg Domestic,Commercial,Full,DIST014,2024,2025-08-05
CYL000517,BATCH1493,14.2kg Domestic,Commercial,Full,DIST012,2019,2025-05-15
CYL000518,BATCH1158,19kg Commercial,Commercial,Full,DIST016,2024,2025-09-06
CYL000519,BATCH7608,14.2kg Domestic,Commercial,Full,DIST025,2024,2025-06-04
CYL000520,BATCH1527,14.2kg Domestic,Commercial,Empty,DIST005,2019,2025-09-18
CYL000521,BATCH7404,14.2kg Domestic,Commercial,Empty,DIST013,2019,2025-08-18
CYL000522,BATCH8778,14.2kg Domestic,Commercial,Full,DIST004,2020,2025-05-19
CYL000523,BATCH5991,47.5kg Industrial,Commercial,Empty,DIST003,2019,2026-01-12
CYL000524,BATCH9005,5kg FTL,Domestic,Full,DIST001,2019,2025-11-25
CYL000525,BATCH5650,14.2kg Domestic,Commercial,In Transit,DIST007,2019,2025-10-08
CYL000526,BATCH1941,5kg FTL,Domestic,Full,DIST012,2022,2026-03-01
CYL000527,BATCH7731,14.2kg Domestic,Commercial,In Transit,DIST013,2019,2026-01-09
CYL000528,BATCH2126,14.2kg Domestic,Commercial,Full,DIST013,2024,2025-11-21
CYL000529,BATCH8081,14.2kg Domestic,Commercial,Full,COMP002,2023,2025-07-06
CYL000530,BATCH6084,14.2kg Domestic,Commercial,Empty,DIST019,2019,2025-06-22
CYL000531,BATCH4304,5kg FTL,Domestic,Empty,DIST001,2019,2025-07-21
CYL000532,BATCH5044,14.2kg Domestic,Commercial,Full,DIST017,2020,2025-05-19
CYL000533,BATCH1640,19kg Commercial,Commercial,Empty,DIST024,2018,2025-10-10
CYL000534,BATCH6681,14.2kg Domestic,Commercial,In Transit,DIST023,2024,2025-10-05
CYL000535,BATCH3869,14.2kg Domestic,Commercial,Empty,DIST014,2019,2025-12-05
CYL000536,BATCH8501,19kg Commercial,Commercial,Empty,DIST013,2023,2025-12-03
CYL000537,BATCH1715,5kg FTL,Domestic,Full,DIST008,2024,2025-12-16
CYL000538,BATCH5782,14.2kg Domestic,Commercial,Empty,DIST022,2018,2025-11-15
CYL000539,BATCH2986,19kg Commercial,Commercial,Full,DIST012,2018,2026-01-12
CYL000540,BATCH7719,14.2kg Domestic,Commercial,Empty,DIST015,2019,2025-10-28
CYL000541,BATCH1437,14.2kg Domestic,Commercial,Full,DIST003,2023,2025-07-13
CYL000542,BATCH4185,14.2kg Domestic,Commercial,Empty,DIST013,2018,2026-03-01
CYL000543,BATCH3236,14.2kg Domestic,Commercial,Empty,DIST011,2023,2025-07-12
CYL000544,BATCH9985,14.2kg Domestic,Commercial,Full,DIST022,2019,2025-07-25
CYL000545,BATCH3643,14.2kg Domestic,Commercial,Empty,DIST006,2024,2026-02-25
CYL000546,BATCH3034,14.2kg Domestic,Commercial,Full,DIST018,2023,2025-08-18
CYL000547,BATCH1183,14.2kg Domestic,Commercial,Empty,DIST022,2020,2025-12-18
CYL000548,BATCH1564,14.2kg Domestic,Commercial,Full,DIST022,2022,2025-11-16
CYL000549,BATCH9566,14.2kg Domestic,Commercial,Full,DIST021,2023,2026-01-13
CYL000550,BATCH1858,14.2kg Domestic,Commercial,Full,DIST020,2018,2026-02-10
CYL000551,BATCH5091,5kg FTL,Domestic,Empty,DIST012,2019,2025-11-24
CYL000552,BATCH1238,14.2kg Domestic,Commercial,Full,DIST011,2024,2025-11-28
CYL000553,BATCH2582,5kg FTL,Domestic,Full,COMP001,2024,2025-12-11
CYL000554,BATCH9396,5kg FTL,Domestic,Full,DIST004,2024,2025-09-20
CYL000555,BATCH4393,14.2kg Domestic,Commercial,Empty,DIST018,2021,2025-07-30
CYL000556,BATCH6842,14.2kg Domestic,Commercial,Full,DIST011,2019,2026-02-27
CYL000557,BATCH7376,14.2kg Domestic,Commercial,Full,DIST007,2021,2025-11-14
CYL000558,BATCH7045,14.2kg Domestic,Commercial,Empty,DIST002,2018,2025-11-15
CYL000559,BATCH9185,14.2kg Domestic,Commercial,Empty,DIST004,2023,2025-06-05
CYL000560,BATCH3809,5kg FTL,Domestic,In Transit,DIST009,2018,2025-05-03
CYL000561,BATCH7366,14.2kg Domestic,Commercial,Empty,DIST022,2024,2025-12-28
CYL000562,BATCH6209,14.2kg Domestic,Commercial,Empty,COMP003,2023,2025-07-03
CYL000563,BATCH8354,14.2kg Domestic,Commercial,Full,DIST013,2022,2025-04-13
CYL000564,BATCH1217,5kg FTL,Domestic,Empty,DIST008,2018,2025-04-25
CYL000565,BATCH4873,5kg FTL,Domestic,Full,DIST024,2021,2025-11-02
CYL000566,BATCH7136,14.2kg Domestic,Commercial,Full,DIST016,2020,2025-11-23
CYL000567,BATCH1621,14.2kg Domestic,Commercial,Full,DIST008,2023,2025-05-04
CYL000568,BATCH6385,47.5kg Industrial,Commercial,Full,DIST005,2020,2025-09-25
CYL000569,BATCH9533,14.2kg Domestic,Commercial,Empty,COMP001,2021,2025-04-09
CYL000570,BATCH4752,5kg FTL,Domestic,Empty,COMP003,2023,2025-09-18
CYL000571,BATCH1885,14.2kg Domestic,Commercial,Full,DIST022,2019,2025-11-13
CYL000572,BATCH6269,14.2kg Domestic,Commercial,Full,DIST006,2021,2025-04-18
CYL000573,BATCH2146,14.2kg Domestic,Commercial,In Transit,DIST007,2018,2025-04-16
CYL000574,BATCH3057,47.5kg Industrial,Commercial,In Transit,DIST003,2019,2025-05-07
CYL000575,BATCH4348,14.2kg Domestic,Commercial,Empty,DIST008,2022,2026-01-25
CYL000576,BATCH3689,14.2kg Domestic,Commercial,Empty,DIST024,2019,2025-11-01
CYL000577,BATCH5966,14.2kg Domestic,Commercial,Empty,DIST010,2022,2025-07-20
CYL000578,BATCH8883,47.5kg Industrial,Commercial,Full,DIST003,2020,2025-08-15
CYL000579,BATCH7925,14.2kg Domestic,Commercial,Empty,DIST017,2022,2025-07-28
CYL000580,BATCH8897,5kg FTL,Domestic,Empty,DIST001,2024,2025-08-23
CYL000581,BATCH5918,14.2kg Domestic,Commercial,Full,DIST020,2022,2025-12-18
CYL000582,BATCH7233,14.2kg Domestic,Commercial,Full,DIST015,2020,2025-07-17
CYL000583,BATCH8878,14.2kg Domestic,Commercial,Empty,DIST003,2020,2025-12-27
CYL000584,BATCH4106,5kg FTL,Domestic,Full,DIST001,2018,2025-06-23
CYL000585,BATCH7628,5kg FTL,Domestic,Full,DIST014,2021,2025-08-27
CYL000586,BATCH2167,14.2kg Domestic,Commercial,Full,DIST014,2018,2026-01-02
CYL000587,BATCH4182,14.2kg Domestic,Commercial,Empty,DIST025,2021,2025-10-27
CYL000588,BATCH6711,5kg FTL,Domestic,Empty,DIST017,2023,2025-06-29
CYL000589,BATCH1945,14.2kg Domestic,Commercial,Full,DIST021,2021,2025-08-01
CYL000590,BATCH1565,5kg FTL,Domestic,Full,COMP002,2020,2025-04-17
CYL000591,BATCH3422,5kg FTL,Domestic,Full,DIST009,2022,2025-07-16
CYL000592,BATCH5053,19kg Commercial,Commercial,Full,DIST020,2022,2025-12-14
CYL000593,BATCH7297,14.2kg Domestic,Commercial,Empty,DIST013,2023,2025-05-10
CYL000594,BATCH4093,47.5kg Industrial,Commercial,Full,DIST014,2019,2025-07-31
CYL000595,BATCH9735,14.2kg Domestic,Commercial,Full,DIST022,2021,2025-05-10
CYL000596,BATCH2456,14.2kg Domestic,Commercial,Full,DIST004,2023,2025-05-17
CYL000597,BATCH3338,5kg FTL,Domestic,Full,DIST009,2023,2025-11-19
CYL000598,BATCH6047,19kg Commercial,Commercial,Full,DIST001,2019,2025-06-28
CYL000599,BATCH7845,14.2kg Domestic,Commercial,Full,DIST017,2021,2025-04-05
CYL000600,BATCH3890,14.2kg Domestic,Commercial,Full,DIST012,2019,2025-12-28
CYL000601,BATCH2806,14.2kg Domestic,Commercial,Full,DIST015,2022,2025-11-18
CYL000602,BATCH3993,14.2kg Domestic,Commercial,Full,COMP001,2024,2025-11-28
CYL000603,BATCH7697,14.2kg Domestic,Commercial,In Transit,DIST015,2023,2025-04-21
CYL000604,BATCH2307,14.2kg Domestic,Commercial,Empty,DIST010,2018,2025-08-25
CYL000605,BATCH1486,14.2kg Domestic,Commercial,Full,DIST019,2019,2025-07-05
CYL000606,BATCH1155,14.2kg Domestic,Commercial,Empty,DIST002,2020,2026-03-03
CYL000607,BATCH1685,5kg FTL,Domestic,Empty,DIST004,2019,2025-06-12
CYL000608,BATCH9520,5kg FTL,Domestic,Full,DIST025,2020,2025-07-01
CYL000609,BATCH8036,14.2kg Domestic,Commercial,Full,DIST011,2020,2025-09-12
CYL000610,BATCH6918,47.5kg Industrial,Commercial,Empty,DIST022,2021,2025-08-25
CYL000611,BATCH6410,14.2kg Domestic,Commercial,In Transit,COMP001,2018,2026-03-05
CYL000612,BATCH3275,14.2kg Domestic,Commercial,Empty,DIST001,2022,2026-01-03
CYL000613,BATCH5072,19kg Commercial,Commercial,Full,DIST012,2021,2025-04-24
CYL000614,BATCH9436,5kg FTL,Domestic,In Transit,DIST014,2023,2025-11-30
CYL000615,BATCH6278,14.2kg Domestic,Commercial,Empty,DIST001,2023,2025-09-03
CYL000616,BATCH6333,19kg Commercial,Commercial,In Transit,DIST022,2021,2025-11-07
CYL000617,BATCH2333,14.2kg Domestic,Commercial,Full,DIST012,2021,2025-07-06
CYL000618,BATCH2645,47.5kg Industrial,Commercial,In Transit,DIST024,2021,2025-10-07
CYL000619,BATCH9520,14.2kg Domestic,Commercial,Empty,DIST019,2024,2025-06-21
CYL000620,BATCH2426,14.2kg Domestic,Commercial,Empty,DIST010,2024,2025-05-30
CYL000621,BATCH8311,47.5kg Industrial,Commercial,Empty,DIST004,2021,2025-06-03
CYL000622,BATCH2465,14.2kg Domestic,Commercial,Full,DIST004,2021,2026-02-20
CYL000623,BATCH7283,14.2kg Domestic,Commercial,In Transit,DIST025,2020,2025-11-14
CYL000624,BATCH3016,5kg FTL,Domestic,Empty,DIST022,2019,2025-06-06
CYL000625,BATCH6452,14.2kg Domestic,Commercial,Empty,COMP003,2019,2025-05-16
CYL000626,BATCH6623,5kg FTL,Domestic,Empty,DIST013,2023,2025-08-23
CYL000627,BATCH8159,5kg FTL,Domestic,Empty,COMP001,2019,2025-11-12
CYL000628,BATCH2824,14.2kg Domestic,Commercial,Full,DIST003,2020,2025-05-07
CYL000629,BATCH2902,19kg Commercial,Commercial,Empty,DIST019,2020,2025-12-31
CYL000630,BATCH1027,19kg Commercial,Commercial,In Transit,DIST010,2018,2025-05-08
CYL000631,BATCH7941,14.2kg Domestic,Commercial,Empty,DIST011,2024,2025-09-01
CYL000632,BATCH3069,5kg FTL,Domestic,In Transit,DIST017,2023,2025-05-02
CYL000633,BATCH1150,14.2kg Domestic,Commercial,Full,DIST018,2024,2025-07-14
CYL000634,BATCH5863,14.2kg Domestic,Commercial,Empty,COMP002,2019,2025-06-24
CYL000635,BATCH5643,5kg FTL,Domestic,Full,DIST005,2023,2026-02-17
CYL000636,BATCH3022,14.2kg Domestic,Commercial,Full,DIST009,2024,2025-05-17
CYL000637,BATCH9110,14.2kg Domestic,Commercial,Empty,DIST010,2023,2025-08-26
CYL000638,BATCH3501,14.2kg Domestic,Commercial,Empty,COMP002,2023,2025-11-19
CYL000639,BATCH4687,5kg FTL,Domestic,In Transit,DIST023,2023,2026-02-08
CYL000640,BATCH8987,19kg Commercial,Commercial,Empty,DIST024,2021,2025-10-04
CYL000641,BATCH3608,47.5kg Industrial,Commercial,Empty,DIST001,2022,2025-08-18
CYL000642,BATCH6706,14.2kg Domestic,Commercial,Empty,DIST025,2021,2025-08-18
CYL000643,BATCH5626,14.2kg Domestic,Commercial,Empty,DIST023,2019,2025-05-30
CYL000644,BATCH1886,14.2kg Domestic,Commercial,Full,COMP003,2023,2025-10-02
CYL000645,BATCH3253,14.2kg Domestic,Commercial,Full,DIST015,2023,2025-07-02
CYL000646,BATCH4573,14.2kg Domestic,Commercial,Full,COMP001,2023,2025-11-26
CYL000647,BATCH2670,5kg FTL,Domestic,Full,DIST022,2024,2025-12-21
CYL000648,BATCH3756,14.2kg Domestic,Commercial,In Transit,DIST002,2018,2025-09-05
CYL000649,BATCH1859,47.5kg Industrial,Commercial,Full,DIST004,2022,2025-04-08
CYL000650,BATCH3434,14.2kg Domestic,Commercial,Full,DIST021,2023,2025-08-12
CYL000651,BATCH7498,14.2kg Domestic,Commercial,Full,DIST016,2020,2025-05-05
CYL000652,BATCH7150,47.5kg Industrial,Commercial,Empty,DIST025,2023,2026-01-20
CYL000653,BATCH7260,5kg FTL,Domestic,In Transit,DIST009,2023,2025-04-06
CYL000654,BATCH2910,14.2kg Domestic,Commercial,Full,DIST003,2018,2025-06-29
CYL000655,BATCH4685,14.2kg Domestic,Commercial,In Transit,DIST001,2022,2025-05-17
CYL000656,BATCH2549,47.5kg Industrial,Commercial,Empty,COMP001,2022,2025-12-04
CYL000657,BATCH8105,14.2kg Domestic,Commercial,In Transit,DIST010,2022,2026-01-01
CYL000658,BATCH9806,14.2kg Domestic,Commercial,Full,DIST006,2021,2026-02-24
CYL000659,BATCH9684,14.2kg Domestic,Commercial,Empty,DIST016,2018,2025-06-14
CYL000660,BATCH3033,5kg FTL,Domestic,Empty,DIST025,2024,2025-11-20
CYL000661,BATCH3960,47.5kg Industrial,Commercial,In Transit,COMP003,2022,2025-12-04
CYL000662,BATCH6149,14.2kg Domestic,Commercial,Full,DIST004,2018,2025-12-31
CYL000663,BATCH2438,14.2kg Domestic,Commercial,Empty,DIST018,2020,2026-02-17
CYL000664,BATCH5891,14.2kg Domestic,Commercial,Full,DIST012,2022,2025-12-09
CYL000665,BATCH1001,14.2kg Domestic,Commercial,In Transit,DIST008,2020,2026-02-11
CYL000666,BATCH5807,19kg Commercial,Commercial,Empty,DIST022,2022,2025-07-22
CYL000667,BATCH6127,14.2kg Domestic,Commercial,Empty,DIST017,2020,2025-04-30
CYL000668,BATCH2622,14.2kg Domestic,Commercial,Full,DIST022,2024,2026-02-12
CYL000669,BATCH5910,14.2kg Domestic,Commercial,Full,COMP003,2024,2025-11-16
CYL000670,BATCH4539,47.5kg Industrial,Commercial,Empty,DIST019,2020,2025-10-15
CYL000671,BATCH2218,14.2kg Domestic,Commercial,Empty,DIST018,2020,2025-10-24
CYL000672,BATCH7554,14.2kg Domestic,Commercial,In Transit,DIST015,2018,2025-10-27
CYL000673,BATCH3346,5kg FTL,Domestic,In Transit,DIST018,2019,2026-01-29
CYL000674,BATCH4156,14.2kg Domestic,Commercial,Full,DIST023,2020,2025-05-22
CYL000675,BATCH3687,5kg FTL,Domestic,Empty,DIST014,2024,2025-12-18
CYL000676,BATCH7208,14.2kg Domestic,Commercial,Empty,DIST001,2022,2025-10-31
CYL000677,BATCH2802,14.2kg Domestic,Commercial,Full,DIST022,2022,2025-08-10
CYL000678,BATCH6944,14.2kg Domestic,Commercial,Empty,DIST011,2024,2025-10-18
CYL000679,BATCH5483,14.2kg Domestic,Commercial,Empty,DIST001,2018,2025-08-25
CYL000680,BATCH2720,47.5kg Industrial,Commercial,Full,COMP001,2018,2025-12-07
CYL000681,BATCH9021,14.2kg Domestic,Commercial,In Transit,DIST004,2022,2025-09-09
CYL000682,BATCH5440,5kg FTL,Domestic,In Transit,DIST020,2018,2026-02-10
CYL000683,BATCH7382,14.2kg Domestic,Commercial,In Transit,DIST006,2020,2025-06-07
CYL000684,BATCH7597,14.2kg Domestic,Commercial,In Transit,DIST016,2022,2025-12-31
CYL000685,BATCH3547,14.2kg Domestic,Commercial,Empty,DIST022,2019,2025-12-23
CYL000686,BATCH1866,14.2kg Domestic,Commercial,Empty,DIST024,2023,2025-08-29
CYL000687,BATCH7852,5kg FTL,Domestic,Full,DIST023,2021,2025-12-03
CYL000688,BATCH8678,14.2kg Domestic,Commercial,Full,DIST017,2020,2025-10-16
CYL000689,BATCH4748,47.5kg Industrial,Commercial,Empty,DIST010,2023,2026-01-21
CYL000690,BATCH6123,19kg Commercial,Commercial,Full,COMP003,2018,2025-04-16
CYL000691,BATCH2534,14.2kg Domestic,Commercial,Empty,DIST006,2022,2026-02-05
CYL000692,BATCH9074,14.2kg Domestic,Commercial,Full,COMP001,2024,2026-03-01
CYL000693,BATCH9334,47.5kg Industrial,Commercial,Full,DIST024,2019,2025-07-04
CYL000694,BATCH9722,14.2kg Domestic,Commercial,Empty,DIST023,2018,2025-08-11
CYL000695,BATCH1119,14.2kg Domestic,Commercial,Full,DIST023,2021,2025-06-06
CYL000696,BATCH9652,5kg FTL,Domestic,Full,DIST022,2022,2026-02-13
CYL000697,BATCH9577,14.2kg Domestic,Commercial,In Transit,DIST008,2019,2026-01-27
CYL000698,BATCH6788,14.2kg Domestic,Commercial,Full,DIST002,2021,2025-06-26
CYL000699,BATCH2855,14.2kg Domestic,Commercial,Full,DIST011,2023,2025-10-30
CYL000700,BATCH2931,5kg FTL,Domestic,In Transit,DIST010,2020,2025-07-02
CYL000701,BATCH7449,14.2kg Domestic,Commercial,Full,DIST007,2020,2025-04-11
CYL000702,BATCH8586,14.2kg Domestic,Commercial,In Transit,DIST020,2024,2025-06-30
CYL000703,BATCH8542,14.2kg Domestic,Commercial,Full,DIST011,2020,2025-09-06
CYL000704,BATCH4050,14.2kg Domestic,Commercial,Full,DIST013,2020,2026-03-02
CYL000705,BATCH2388,14.2kg Domestic,Commercial,Empty,DIST017,2022,2025-12-18
CYL000706,BATCH1113,14.2kg Domestic,Commercial,In Transit,DIST005,2024,2025-10-29
CYL000707,BATCH5903,14.2kg Domestic,Commercial,Full,DIST012,2021,2025-12-03
CYL000708,BATCH8185,14.2kg Domestic,Commercial,Full,DIST022,2024,2025-07-25
CYL000709,BATCH8110,14.2kg Domestic,Commercial,Full,DIST001,2020,2025-11-25
CYL000710,BATCH3190,14.2kg Domestic,Commercial,Full,DIST013,2021,2025-09-18
CYL000711,BATCH4260,19kg Commercial,Commercial,Full,DIST016,2023,2025-10-21
CYL000712,BATCH9119,14.2kg Domestic,Commercial,Empty,COMP001,2023,2025-12-31
CYL000713,BATCH7551,14.2kg Domestic,Commercial,Empty,DIST017,2023,2025-08-19
CYL000714,BATCH1346,14.2kg Domestic,Commercial,In Transit,DIST005,2019,2025-09-11
CYL000715,BATCH4874,14.2kg Domestic,Commercial,Empty,DIST002,2023,2025-09-12
CYL000716,BATCH1131,14.2kg Domestic,Commercial,Empty,DIST014,2021,2025-10-09
CYL000717,BATCH8027,14.2kg Domestic,Commercial,Full,DIST008,2022,2025-12-18
CYL000718,BATCH5606,5kg FTL,Domestic,Full,DIST025,2018,2025-10-23
CYL000719,BATCH8031,47.5kg Industrial,Commercial,Full,DIST007,2021,2026-01-13
CYL000720,BATCH3968,5kg FTL,Domestic,Empty,DIST007,2024,2025-05-08
CYL000721,BATCH2973,14.2kg Domestic,Commercial,Full,DIST005,2021,2026-02-15
CYL000722,BATCH3395,14.2kg Domestic,Commercial,Full,DIST014,2018,2025-04-25
CYL000723,BATCH7231,14.2kg Domestic,Commercial,In Transit,DIST014,2022,2025-10-01
CYL000724,BATCH4633,5kg FTL,Domestic,In Transit,DIST011,2021,2025-07-04
CYL000725,BATCH1846,14.2kg Domestic,Commercial,Full,DIST010,2018,2025-10-20
CYL000726,BATCH7849,14.2kg Domestic,Commercial,In Transit,DIST008,2020,2026-02-10
CYL000727,BATCH6269,14.2kg Domestic,Commercial,Full,DIST007,2020,2025-07-08
CYL000728,BATCH8059,14.2kg Domestic,Commercial,Empty,DIST006,2020,2025-06-28
CYL000729,BATCH2587,14.2kg Domestic,Commercial,Full,DIST022,2018,2025-05-28
CYL000730,BATCH6907,5kg FTL,Domestic,Full,DIST024,2024,2025-09-02
CYL000731,BATCH7088,5kg FTL,Domestic,Empty,DIST008,2023,2025-10-16
CYL000732,BATCH2742,14.2kg Domestic,Commercial,Full,DIST005,2023,2025-05-02
CYL000733,BATCH4120,14.2kg Domestic,Commercial,Empty,DIST007,2023,2025-07-21
CYL000734,BATCH9955,19kg Commercial,Commercial,Full,DIST020,2020,2025-10-03
CYL000735,BATCH4309,5kg FTL,Domestic,In Transit,DIST018,2023,2025-12-18
CYL000736,BATCH5137,14.2kg Domestic,Commercial,Full,DIST025,2024,2025-05-24
CYL000737,BATCH8347,47.5kg Industrial,Commercial,In Transit,DIST021,2023,2026-01-05
CYL000738,BATCH7864,19kg Commercial,Commercial,Full,DIST017,2022,2026-02-23
CYL000739,BATCH3112,14.2kg Domestic,Commercial,Full,DIST010,2018,2025-05-21
CYL000740,BATCH4116,14.2kg Domestic,Commercial,In Transit,DIST024,2024,2025-08-15
CYL000741,BATCH9412,14.2kg Domestic,Commercial,Empty,DIST003,2019,2025-07-25
CYL000742,BATCH7393,5kg FTL,Domestic,Full,DIST013,2022,2025-10-18
CYL000743,BATCH4568,14.2kg Domestic,Commercial,Full,DIST019,2023,2026-03-02
CYL000744,BATCH8461,19kg Commercial,Commercial,Empty,DIST017,2023,2025-06-11
CYL000745,BATCH5855,14.2kg Domestic,Commercial,In Transit,DIST023,2020,2025-05-28
CYL000746,BATCH9741,14.2kg Domestic,Commercial,Full,DIST008,2020,2026-02-14
CYL000747,BATCH5550,14.2kg Domestic,Commercial,In Transit,DIST005,2020,2026-02-08
CYL000748,BATCH4440,14.2kg Domestic,Commercial,Full,DIST018,2018,2026-03-06
CYL000749,BATCH7047,14.2kg Domestic,Commercial,Empty,DIST011,2018,2025-05-29
CYL000750,BATCH5831,14.2kg Domestic,Commercial,Full,DIST011,2018,2025-04-20
CYL000751,BATCH4592,5kg FTL,Domestic,Empty,DIST024,2020,2025-12-06
CYL000752,BATCH2743,14.2kg Domestic,Commercial,Full,DIST024,2023,2025-08-23
CYL000753,BATCH4377,19kg Commercial,Commercial,Full,COMP002,2021,2025-11-14
CYL000754,BATCH7479,14.2kg Domestic,Commercial,Full,DIST005,2021,2025-11-08
CYL000755,BATCH3430,5kg FTL,Domestic,Full,DIST016,2018,2025-06-26
CYL000756,BATCH3885,14.2kg Domestic,Commercial,Full,DIST007,2022,2025-06-28
CYL000757,BATCH5621,19kg Commercial,Commercial,Full,DIST001,2020,2025-12-13
CYL000758,BATCH4077,19kg Commercial,Commercial,Empty,DIST003,2019,2026-01-29
CYL000759,BATCH7594,14.2kg Domestic,Commercial,Empty,DIST004,2023,2025-06-10
CYL000760,BATCH1193,14.2kg Domestic,Commercial,Empty,DIST020,2018,2025-08-25
CYL000761,BATCH1222,14.2kg Domestic,Commercial,Full,DIST025,2024,2025-04-11
CYL000762,BATCH2369,19kg Commercial,Commercial,Full,DIST009,2019,2025-04-19
CYL000763,BATCH1153,14.2kg Domestic,Commercial,Empty,COMP001,2018,2025-06-02
CYL000764,BATCH2392,5kg FTL,Domestic,Full,DIST007,2019,2025-07-04
CYL000765,BATCH3672,5kg FTL,Domestic,In Transit,DIST010,2020,2025-07-04
CYL000766,BATCH5382,14.2kg Domestic,Commercial,Full,DIST021,2022,2026-01-02
CYL000767,BATCH9923,14.2kg Domestic,Commercial,Full,DIST010,2018,2025-06-18
CYL000768,BATCH1019,19kg Commercial,Commercial,Full,DIST008,2018,2025-11-10
CYL000769,BATCH5699,14.2kg Domestic,Commercial,Full,DIST008,2023,2025-08-22
CYL000770,BATCH2841,5kg FTL,Domestic,Empty,DIST016,2019,2026-01-09
CYL000771,BATCH5617,14.2kg Domestic,Commercial,In Transit,DIST012,2018,2025-04-25
CYL000772,BATCH2389,14.2kg Domestic,Commercial,Full,DIST002,2022,2025-12-19
CYL000773,BATCH3971,14.2kg Domestic,Commercial,Empty,DIST022,2021,2025-12-20
CYL000774,BATCH5702,19kg Commercial,Commercial,Empty,DIST012,2018,2025-10-19
CYL000775,BATCH5348,19kg Commercial,Commercial,Empty,COMP001,2023,2026-01-26
CYL000776,BATCH3435,5kg FTL,Domestic,In Transit,DIST025,2023,2025-12-21
CYL000777,BATCH8838,14.2kg Domestic,Commercial,Full,COMP002,2018,2026-01-08
CYL000778,BATCH5562,14.2kg Domestic,Commercial,In Transit,DIST005,2018,2025-09-22
CYL000779,BATCH7308,47.5kg Industrial,Commercial,Full,DIST012,2020,2025-06-26
CYL000780,BATCH7782,14.2kg Domestic,Commercial,Empty,DIST020,2024,2025-04-15
CYL000781,BATCH5028,14.2kg Domestic,Commercial,Empty,DIST013,2021,2025-05-29
CYL000782,BATCH9724,14.2kg Domestic,Commercial,Empty,DIST018,2024,2025-11-09
CYL000783,BATCH7911,14.2kg Domestic,Commercial,Empty,DIST017,2022,2025-11-14
CYL000784,BATCH1046,5kg FTL,Domestic,Full,DIST007,2024,2026-02-26
CYL000785,BATCH3188,14.2kg Domestic,Commercial,Empty,DIST004,2018,2025-09-09
CYL000786,BATCH3283,14.2kg Domestic,Commercial,Empty,DIST010,2021,2025-12-23
CYL000787,BATCH7898,5kg FTL,Domestic,Empty,DIST008,2019,2025-11-12
CYL000788,BATCH3344,14.2kg Domestic,Commercial,Full,DIST013,2023,2026-02-21
CYL000789,BATCH1886,5kg FTL,Domestic,Full,DIST023,2018,2025-05-13
CYL000790,BATCH3591,14.2kg Domestic,Commercial,Empty,DIST001,2019,2025-08-31
CYL000791,BATCH1204,14.2kg Domestic,Commercial,Full,DIST019,2024,2025-08-05
CYL000792,BATCH3295,14.2kg Domestic,Commercial,Full,DIST024,2022,2025-10-04
CYL000793,BATCH8274,14.2kg Domestic,Commercial,Empty,COMP001,2023,2026-02-28
CYL000794,BATCH1526,14.2kg Domestic,Commercial,Full,DIST020,2024,2025-12-08
CYL000795,BATCH7940,14.2kg Domestic,Commercial,Full,DIST022,2021,2025-05-27
CYL000796,BATCH9222,5kg FTL,Domestic,Full,DIST010,2023,2025-11-10
CYL000797,BATCH2506,14.2kg Domestic,Commercial,Full,DIST017,2021,2026-01-01
CYL000798,BATCH1917,5kg FTL,Domestic,Full,DIST008,2021,2025-12-02
CYL000799,BATCH2264,5kg FTL,Domestic,In Transit,COMP002,2023,2025-07-10
CYL000800,BATCH7637,14.2kg Domestic,Commercial,Empty,COMP002,2021,2025-12-12
